{
  "scenario": "advtrained_fgsm",
  "attack": "FGSM",
  "eps": 0.25,
  "advtrain_epochs": 5,
  "advtrain_batch_size": 128,
  "advtrain_time_seconds": 81.11351299285889,
  "advtrained_clean_loss": 0.03976087272167206,
  "advtrained_clean_accuracy": 0.987500011920929,
  "advtrained_adversarial_loss": 0.05788320302963257,
  "advtrained_adversarial_accuracy": 0.9854999780654907
}