{
  "scenario": "baseline_fgsm",
  "attack": "FGSM",
  "eps": 0.25,
  "generation_time_seconds": 2.6945698261260986,
  "baseline_clean_loss": 0.0323030948638916,
  "baseline_clean_accuracy": 0.9890000224113464,
  "baseline_adversarial_loss": 3.70002818107605,
  "baseline_adversarial_accuracy": 0.15770000219345093
}