{
  "baseline": {
    "loss": 0.3144882917404175,
    "accuracy": 0.9836999773979187,
    "train_time_seconds": 80.89287877082825,
    "inference_time_per_image_seconds": 0.0005193054676055908,
    "classification_report": {
      "0": {
        "precision": 0.9848178137651822,
        "recall": 0.9928571428571429,
        "f1-score": 0.9888211382113821,
        "support": 980.0
      },
      "1": {
        "precision": 0.9860748476936466,
        "recall": 0.9982378854625551,
        "f1-score": 0.9921190893169878,
        "support": 1135.0
      },
      "2": {
        "precision": 0.98635477582846,
        "recall": 0.9806201550387597,
        "f1-score": 0.9834791059280855,
        "support": 1032.0
      },
      "3": {
        "precision": 0.973811833171678,
        "recall": 0.994059405940594,
        "f1-score": 0.9838314551690348,
        "support": 1010.0
      },
      "4": {
        "precision": 0.9598825831702544,
        "recall": 0.9989816700610998,
        "f1-score": 0.9790419161676647,
        "support": 982.0
      },
      "5": {
        "precision": 0.993103448275862,
        "recall": 0.968609865470852,
        "f1-score": 0.9807037457434733,
        "support": 892.0
      },
      "6": {
        "precision": 0.9967914438502674,
        "recall": 0.9728601252609603,
        "f1-score": 0.9846804014791336,
        "support": 958.0
      },
      "7": {
        "precision": 0.9834630350194552,
        "recall": 0.9834630350194552,
        "f1-score": 0.9834630350194552,
        "support": 1028.0
      },
      "8": {
        "precision": 0.986444212721585,
        "recall": 0.971252566735113,
        "f1-score": 0.9787894464562855,
        "support": 974.0
      },
      "9": {
        "precision": 0.9889112903225806,
        "recall": 0.9722497522299306,
        "f1-score": 0.9805097451274363,
        "support": 1009.0
      },
      "accuracy": 0.9837,
      "macro avg": {
        "precision": 0.9839655283818971,
        "recall": 0.9833191604076464,
        "f1-score": 0.9835439078618939,
        "support": 10000.0
      },
      "weighted avg": {
        "precision": 0.9838771820650655,
        "recall": 0.9837,
        "f1-score": 0.9836926070039285,
        "support": 10000.0
      }
    },
    "epochs": 8,
    "batch_size": 128,
    "model_artifacts": {
      "keras": "/Users/kartekeyaan/Chonky_folder/MNISTass/secure_ai_mnist/models/baseline_cnn.keras",
      "h5": "/Users/kartekeyaan/Chonky_folder/MNISTass/secure_ai_mnist/models/baseline_cnn.h5"
    }
  },
  "fgsm": {
    "attack": "FGSM",
    "eps": 0.25,
    "generation_time_sec": 5.374624013900757,
    "baseline_clean_loss": 0.3144882917404175,
    "baseline_clean_accuracy": 0.9837,
    "baseline_adversarial_loss": 10.787150382995605,
    "baseline_adversarial_accuracy": 0.6409
  },
  "advtrain": {
    "attack": "FGSM",
    "eps": 0.25,
    "advtrain_epochs": 5,
    "advtrain_batch_size": 128,
    "advtrain_time_sec": 170.45842289924622,
    "advtrained_clean_loss": 0.4516053795814514,
    "advtrained_clean_accuracy": 0.972000002861023,
    "advtrained_adversarial_loss": 5.013100624084473,
    "advtrained_adversarial_accuracy": 0.7473999857902527,
    "saved_model": "/Users/kartekeyaan/Chonky_folder/MNISTass/secure_ai_mnist/models/adv_trained_cnn.keras"
  },
  "poison": {
    "mode": "feature",
    "target_class": 7,
    "num_poisoned": 100,
    "patch_size": 4,
    "patch_value": 255,
    "epochs": 5,
    "batch_size": 128,
    "clean_loss": 0.1782761514186859,
    "train_time_seconds": 47.057048082351685,
    "clean_test_accuracy": 0.982200026512146,
    "target_class_clean_accuracy": 0.9708171206225681,
    "target_class_patched_accuracy": 0.9941634241245136
  }
}