{
  "mode": "feature",
  "target_class": 7,
  "num_poisoned": 100,
  "patch_size": 4,
  "patch_value": 255,
  "epochs": 5,
  "batch_size": 128,
  "clean_loss": 0.1782761514186859,
  "train_time_seconds": 47.057048082351685,
  "clean_test_accuracy": 0.982200026512146,
  "target_class_clean_accuracy": 0.9708171206225681,
  "target_class_patched_accuracy": 0.9941634241245136
}